{
	"class_name" : "PinholeCameraParameters",
	"extrinsic" : 
	[
		0.35699481017817541,
		0.15864342084357219,
		0.92053624074715168,
		0.0,
		-0.93348176006941885,
		0.024557142294979344,
		0.3577831052187963,
		0.0,
		0.034154196280232405,
		-0.98703050195287956,
		0.15685751206460588,
		0.0,
		2.580564191614787,
		0.38197524363664792,
		12.733357640462973,
		1.0
	],
	"intrinsic" : 
	{
		"height" : 1016,
		"intrinsic_matrix" : 
		[
			879.88181024498977,
			0.0,
			0.0,
			0.0,
			879.88181024498977,
			0.0,
			924.5,
			507.5,
			1.0
		],
		"width" : 1850
	},
	"version_major" : 1,
	"version_minor" : 0
}